[{"created_at":"Sun Apr 03 22:57:08 +0000 2016","id":716761482818691073,"id_str":"716761482818691073","text":"RT @Wade_Institute: Come see Co-Founder of @envato @cyantaeed speak at our #Women #Entrepreneurs: Defining #Success event #MKW2016 https:\/\/\u2026","entities":{"hashtags":[{"text":"Women","indices":[75,81]},{"text":"Entrepreneurs","indices":[82,96]},{"text":"Success","indices":[107,115]},{"text":"MKW2016","indices":[122,130]}],"symbols":[],"user_mentions":[{"screen_name":"Wade_Institute","name":"Wade Institute","id":3272302232,"id_str":"3272302232","indices":[3,18]},{"screen_name":"envato","name":"Envato","id":16582191,"id_str":"16582191","indices":[43,50]},{"screen_name":"cyantaeed","name":"Cyan Ta'eed","id":25051755,"id_str":"25051755","indices":[51,61]}],"urls":[{"url":"https:\/\/t.co\/cZbcKBSnKX","expanded_url":"http:\/\/bit.ly\/1XwT49l","display_url":"bit.ly\/1XwT49l","indices":[139,140]}]},"truncated":false,"source":"\u003ca href=\"http:\/\/www.hootsuite.com\" rel=\"nofollow\"\u003eHootsuite\u003c\/a\u003e","in_reply_to_status_id":null,"in_reply_to_status_id_str":null,"in_reply_to_user_id":null,"in_reply_to_user_id_str":null,"in_reply_to_screen_name":null,"user":{"id":16582191,"id_str":"16582191","name":"Envato","screen_name":"envato","location":"Melbourne","description":"A global community of designers & developers. #Australian made #startup @envatomarket @tutsplus. Customer support @envato_help","url":"http:\/\/t.co\/5OvUThFPYI","entities":{"url":{"urls":[{"url":"http:\/\/t.co\/5OvUThFPYI","expanded_url":"http:\/\/envato.com","display_url":"envato.com","indices":[0,22]}]},"description":{"urls":[]}},"protected":false,"followers_count":58460,"friends_count":1484,"listed_count":1976,"created_at":"Fri Oct 03 19:11:51 +0000 2008","favourites_count":614,"utc_offset":36000,"time_zone":"Melbourne","geo_enabled":false,"verified":true,"statuses_count":7541,"lang":"en","contributors_enabled":false,"is_translator":false,"is_translation_enabled":false,"profile_background_color":"323435","profile_background_image_url":"http:\/\/pbs.twimg.com\/profile_background_images\/378800000036129044\/4aaf87e960f30537daa1a0a0c3c4fc31.jpeg","profile_background_image_url_https":"https:\/\/pbs.twimg.com\/profile_background_images\/378800000036129044\/4aaf87e960f30537daa1a0a0c3c4fc31.jpeg","profile_background_tile":false,"profile_image_url":"http:\/\/pbs.twimg.com\/profile_images\/655904741617086464\/nwevoHSQ_normal.png","profile_image_url_https":"https:\/\/pbs.twimg.com\/profile_images\/655904741617086464\/nwevoHSQ_normal.png","profile_banner_url":"https:\/\/pbs.twimg.com\/profile_banners\/16582191\/1448924865","profile_link_color":"83B449","profile_sidebar_border_color":"FFFFFF","profile_sidebar_fill_color":"6C9450","profile_text_color":"242424","profile_use_background_image":true,"has_extended_profile":false,"default_profile":false,"default_profile_image":false,"following":null,"follow_request_sent":null,"notifications":null},"geo":null,"coordinates":null,"place":null,"contributors":null,"retweeted_status":{"created_at":"Fri Apr 01 23:01:34 +0000 2016","id":716037822503849984,"id_str":"716037822503849984","text":"Come see Co-Founder of @envato @cyantaeed speak at our #Women #Entrepreneurs: Defining #Success event #MKW2016 https:\/\/t.co\/cZbcKBSnKX","entities":{"hashtags":[{"text":"Women","indices":[55,61]},{"text":"Entrepreneurs","indices":[62,76]},{"text":"Success","indices":[87,95]},{"text":"MKW2016","indices":[102,110]}],"symbols":[],"user_mentions":[{"screen_name":"envato","name":"Envato","id":16582191,"id_str":"16582191","indices":[23,30]},{"screen_name":"cyantaeed","name":"Cyan Ta'eed","id":25051755,"id_str":"25051755","indices":[31,41]}],"urls":[{"url":"https:\/\/t.co\/cZbcKBSnKX","expanded_url":"http:\/\/bit.ly\/1XwT49l","display_url":"bit.ly\/1XwT49l","indices":[111,134]}]},"truncated":false,"source":"\u003ca href=\"http:\/\/www.hootsuite.com\" rel=\"nofollow\"\u003eHootsuite\u003c\/a\u003e","in_reply_to_status_id":null,"in_reply_to_status_id_str":null,"in_reply_to_user_id":null,"in_reply_to_user_id_str":null,"in_reply_to_screen_name":null,"user":{"id":3272302232,"id_str":"3272302232","name":"Wade Institute","screen_name":"Wade_Institute","location":"Melbourne, Victoria","description":"Entrepreneurship is not just a gift for a select few. It is something that can be taught, and more importantly learned.\nApply now! http:\/\/t.co\/ZUm5qiytta","url":"http:\/\/t.co\/AAAhbvk3Y9","entities":{"url":{"urls":[{"url":"http:\/\/t.co\/AAAhbvk3Y9","expanded_url":"http:\/\/wadeinstitute.org.au\/","display_url":"wadeinstitute.org.au","indices":[0,22]}]},"description":{"urls":[{"url":"http:\/\/t.co\/ZUm5qiytta","expanded_url":"http:\/\/fbe.unimelb.edu.au\/entrepreneurship","display_url":"fbe.unimelb.edu.au\/entrepreneursh\u2026","indices":[131,153]}]}},"protected":false,"followers_count":2383,"friends_count":2420,"listed_count":109,"created_at":"Wed Jul 08 22:35:50 +0000 2015","favourites_count":301,"utc_offset":null,"time_zone":null,"geo_enabled":false,"verified":false,"statuses_count":433,"lang":"en","contributors_enabled":false,"is_translator":false,"is_translation_enabled":false,"profile_background_color":"000000","profile_background_image_url":"http:\/\/abs.twimg.com\/images\/themes\/theme1\/bg.png","profile_background_image_url_https":"https:\/\/abs.twimg.com\/images\/themes\/theme1\/bg.png","profile_background_tile":false,"profile_image_url":"http:\/\/pbs.twimg.com\/profile_images\/620756429322850304\/lTZf4YkM_normal.png","profile_image_url_https":"https:\/\/pbs.twimg.com\/profile_images\/620756429322850304\/lTZf4YkM_normal.png","profile_banner_url":"https:\/\/pbs.twimg.com\/profile_banners\/3272302232\/1444868275","profile_link_color":"FFCC4D","profile_sidebar_border_color":"000000","profile_sidebar_fill_color":"000000","profile_text_color":"000000","profile_use_background_image":false,"has_extended_profile":false,"default_profile":false,"default_profile_image":false,"following":null,"follow_request_sent":null,"notifications":null},"geo":null,"coordinates":null,"place":null,"contributors":null,"is_quote_status":false,"retweet_count":5,"favorite_count":12,"favorited":false,"retweeted":false,"possibly_sensitive":false,"lang":"en"},"is_quote_status":false,"retweet_count":5,"favorite_count":0,"favorited":false,"retweeted":false,"possibly_sensitive":false,"lang":"en"},{"created_at":"Fri Apr 01 13:25:11 +0000 2016","id":715892769840095232,"id_str":"715892769840095232","text":"It's Famous Five time - check out this week's round-up. #madewithenvato https:\/\/t.co\/M7eKALOFud https:\/\/t.co\/UoE4vmGzou","entities":{"hashtags":[{"text":"madewithenvato","indices":[56,71]}],"symbols":[],"user_mentions":[],"urls":[{"url":"https:\/\/t.co\/M7eKALOFud","expanded_url":"http:\/\/enva.to\/fXDv2","display_url":"enva.to\/fXDv2","indices":[72,95]}],"media":[{"id":715892769391292416,"id_str":"715892769391292416","indices":[96,119],"media_url":"http:\/\/pbs.twimg.com\/media\/Ce9crkjWsAAgdND.jpg","media_url_https":"https:\/\/pbs.twimg.com\/media\/Ce9crkjWsAAgdND.jpg","url":"https:\/\/t.co\/UoE4vmGzou","display_url":"pic.twitter.com\/UoE4vmGzou","expanded_url":"http:\/\/twitter.com\/envato\/status\/715892769840095232\/photo\/1","type":"photo","sizes":{"medium":{"w":506,"h":253,"resize":"fit"},"thumb":{"w":150,"h":150,"resize":"crop"},"large":{"w":506,"h":253,"resize":"fit"},"small":{"w":340,"h":170,"resize":"fit"}}}]},"extended_entities":{"media":[{"id":715892769391292416,"id_str":"715892769391292416","indices":[96,119],"media_url":"http:\/\/pbs.twimg.com\/media\/Ce9crkjWsAAgdND.jpg","media_url_https":"https:\/\/pbs.twimg.com\/media\/Ce9crkjWsAAgdND.jpg","url":"https:\/\/t.co\/UoE4vmGzou","display_url":"pic.twitter.com\/UoE4vmGzou","expanded_url":"http:\/\/twitter.com\/envato\/status\/715892769840095232\/photo\/1","type":"photo","sizes":{"medium":{"w":506,"h":253,"resize":"fit"},"thumb":{"w":150,"h":150,"resize":"crop"},"large":{"w":506,"h":253,"resize":"fit"},"small":{"w":340,"h":170,"resize":"fit"}}}]},"truncated":false,"source":"\u003ca href=\"http:\/\/www.hootsuite.com\" rel=\"nofollow\"\u003eHootsuite\u003c\/a\u003e","in_reply_to_status_id":null,"in_reply_to_status_id_str":null,"in_reply_to_user_id":null,"in_reply_to_user_id_str":null,"in_reply_to_screen_name":null,"user":{"id":16582191,"id_str":"16582191","name":"Envato","screen_name":"envato","location":"Melbourne","description":"A global community of designers & developers. #Australian made #startup @envatomarket @tutsplus. Customer support @envato_help","url":"http:\/\/t.co\/5OvUThFPYI","entities":{"url":{"urls":[{"url":"http:\/\/t.co\/5OvUThFPYI","expanded_url":"http:\/\/envato.com","display_url":"envato.com","indices":[0,22]}]},"description":{"urls":[]}},"protected":false,"followers_count":58460,"friends_count":1484,"listed_count":1976,"created_at":"Fri Oct 03 19:11:51 +0000 2008","favourites_count":614,"utc_offset":36000,"time_zone":"Melbourne","geo_enabled":false,"verified":true,"statuses_count":7541,"lang":"en","contributors_enabled":false,"is_translator":false,"is_translation_enabled":false,"profile_background_color":"323435","profile_background_image_url":"http:\/\/pbs.twimg.com\/profile_background_images\/378800000036129044\/4aaf87e960f30537daa1a0a0c3c4fc31.jpeg","profile_background_image_url_https":"https:\/\/pbs.twimg.com\/profile_background_images\/378800000036129044\/4aaf87e960f30537daa1a0a0c3c4fc31.jpeg","profile_background_tile":false,"profile_image_url":"http:\/\/pbs.twimg.com\/profile_images\/655904741617086464\/nwevoHSQ_normal.png","profile_image_url_https":"https:\/\/pbs.twimg.com\/profile_images\/655904741617086464\/nwevoHSQ_normal.png","profile_banner_url":"https:\/\/pbs.twimg.com\/profile_banners\/16582191\/1448924865","profile_link_color":"83B449","profile_sidebar_border_color":"FFFFFF","profile_sidebar_fill_color":"6C9450","profile_text_color":"242424","profile_use_background_image":true,"has_extended_profile":false,"default_profile":false,"default_profile_image":false,"following":null,"follow_request_sent":null,"notifications":null},"geo":null,"coordinates":null,"place":null,"contributors":null,"is_quote_status":false,"retweet_count":4,"favorite_count":5,"favorited":false,"retweeted":false,"possibly_sensitive":false,"lang":"en"},{"created_at":"Fri Apr 01 07:15:58 +0000 2016","id":715799852215570432,"id_str":"715799852215570432","text":"@itsred_man No problem, glad they were useful! ^CJ","entities":{"hashtags":[],"symbols":[],"user_mentions":[{"screen_name":"itsred_man","name":"It's red, man","id":191720397,"id_str":"191720397","indices":[0,11]}],"urls":[]},"truncated":false,"source":"\u003ca href=\"http:\/\/www.hootsuite.com\" rel=\"nofollow\"\u003eHootsuite\u003c\/a\u003e","in_reply_to_status_id":715769879291367424,"in_reply_to_status_id_str":"715769879291367424","in_reply_to_user_id":191720397,"in_reply_to_user_id_str":"191720397","in_reply_to_screen_name":"itsred_man","user":{"id":16582191,"id_str":"16582191","name":"Envato","screen_name":"envato","location":"Melbourne","description":"A global community of designers & developers. #Australian made #startup @envatomarket @tutsplus. Customer support @envato_help","url":"http:\/\/t.co\/5OvUThFPYI","entities":{"url":{"urls":[{"url":"http:\/\/t.co\/5OvUThFPYI","expanded_url":"http:\/\/envato.com","display_url":"envato.com","indices":[0,22]}]},"description":{"urls":[]}},"protected":false,"followers_count":58460,"friends_count":1484,"listed_count":1976,"created_at":"Fri Oct 03 19:11:51 +0000 2008","favourites_count":614,"utc_offset":36000,"time_zone":"Melbourne","geo_enabled":false,"verified":true,"statuses_count":7541,"lang":"en","contributors_enabled":false,"is_translator":false,"is_translation_enabled":false,"profile_background_color":"323435","profile_background_image_url":"http:\/\/pbs.twimg.com\/profile_background_images\/378800000036129044\/4aaf87e960f30537daa1a0a0c3c4fc31.jpeg","profile_background_image_url_https":"https:\/\/pbs.twimg.com\/profile_background_images\/378800000036129044\/4aaf87e960f30537daa1a0a0c3c4fc31.jpeg","profile_background_tile":false,"profile_image_url":"http:\/\/pbs.twimg.com\/profile_images\/655904741617086464\/nwevoHSQ_normal.png","profile_image_url_https":"https:\/\/pbs.twimg.com\/profile_images\/655904741617086464\/nwevoHSQ_normal.png","profile_banner_url":"https:\/\/pbs.twimg.com\/profile_banners\/16582191\/1448924865","profile_link_color":"83B449","profile_sidebar_border_color":"FFFFFF","profile_sidebar_fill_color":"6C9450","profile_text_color":"242424","profile_use_background_image":true,"has_extended_profile":false,"default_profile":false,"default_profile_image":false,"following":null,"follow_request_sent":null,"notifications":null},"geo":null,"coordinates":null,"place":null,"contributors":null,"is_quote_status":false,"retweet_count":0,"favorite_count":0,"favorited":false,"retweeted":false,"lang":"en"},{"created_at":"Fri Apr 01 03:27:29 +0000 2016","id":715742353093443584,"id_str":"715742353093443584","text":"Can't quite pin down the right sounds on your project? Here are 30 sound effects to help get you started. https:\/\/t.co\/yVq7XWgcyj","entities":{"hashtags":[],"symbols":[],"user_mentions":[],"urls":[{"url":"https:\/\/t.co\/yVq7XWgcyj","expanded_url":"http:\/\/enva.to\/9r_Jb","display_url":"enva.to\/9r_Jb","indices":[106,129]}]},"truncated":false,"source":"\u003ca href=\"http:\/\/www.hootsuite.com\" rel=\"nofollow\"\u003eHootsuite\u003c\/a\u003e","in_reply_to_status_id":null,"in_reply_to_status_id_str":null,"in_reply_to_user_id":null,"in_reply_to_user_id_str":null,"in_reply_to_screen_name":null,"user":{"id":16582191,"id_str":"16582191","name":"Envato","screen_name":"envato","location":"Melbourne","description":"A global community of designers & developers. #Australian made #startup @envatomarket @tutsplus. Customer support @envato_help","url":"http:\/\/t.co\/5OvUThFPYI","entities":{"url":{"urls":[{"url":"http:\/\/t.co\/5OvUThFPYI","expanded_url":"http:\/\/envato.com","display_url":"envato.com","indices":[0,22]}]},"description":{"urls":[]}},"protected":false,"followers_count":58460,"friends_count":1484,"listed_count":1976,"created_at":"Fri Oct 03 19:11:51 +0000 2008","favourites_count":614,"utc_offset":36000,"time_zone":"Melbourne","geo_enabled":false,"verified":true,"statuses_count":7541,"lang":"en","contributors_enabled":false,"is_translator":false,"is_translation_enabled":false,"profile_background_color":"323435","profile_background_image_url":"http:\/\/pbs.twimg.com\/profile_background_images\/378800000036129044\/4aaf87e960f30537daa1a0a0c3c4fc31.jpeg","profile_background_image_url_https":"https:\/\/pbs.twimg.com\/profile_background_images\/378800000036129044\/4aaf87e960f30537daa1a0a0c3c4fc31.jpeg","profile_background_tile":false,"profile_image_url":"http:\/\/pbs.twimg.com\/profile_images\/655904741617086464\/nwevoHSQ_normal.png","profile_image_url_https":"https:\/\/pbs.twimg.com\/profile_images\/655904741617086464\/nwevoHSQ_normal.png","profile_banner_url":"https:\/\/pbs.twimg.com\/profile_banners\/16582191\/1448924865","profile_link_color":"83B449","profile_sidebar_border_color":"FFFFFF","profile_sidebar_fill_color":"6C9450","profile_text_color":"242424","profile_use_background_image":true,"has_extended_profile":false,"default_profile":false,"default_profile_image":false,"following":null,"follow_request_sent":null,"notifications":null},"geo":null,"coordinates":null,"place":null,"contributors":null,"is_quote_status":false,"retweet_count":7,"favorite_count":10,"favorited":false,"retweeted":false,"possibly_sensitive":false,"lang":"en"}]